;Альянс Юг ООО;;;;;;;
;г.Краснодар, ОПХ КНИИСХ 1 отдел ул, дом № 35, тел.: (861) 200-27-96;;;;;;;
;;;;;;;;
;-- Доставка продуктов на следующий день после звонка;;;;;;;
;-- Доставка нашим автотранспортом;;;;;;;
;-- Заказы принимаются по многоканальному телефону;;;;;;;
;;;;;;;;
;-- Цены указаны с учетом НДС;;;;;;;
;-- Прием заказов:;;;;;;;
;  С понедельника по субботу с 9.00 до 18.00;;;Ваш менеджер ____________________;;;;
;;;;Тел._____________________________;;;;
;;;;;;;;
;ПРАЙС - ЛИСТ;;;;;;;
;Дата 15.08.2023;;;;;;;
;Артикул;Наименование товара;Произв.;Ед. изм.;Фасовка;Ед. изм. в кор.;Цена за ед.;
;;;;;;;;
;;Креветки, морепродукты;;;;;;
;;    Гигантские креветки без головы;;;;;;
;26081;        Креветки (Litopenaeus vannamei) б/г в/п (16/20) с/м во льду 1.8кг - Индия;Naik Oceanic Exports;упак;1,8;6;1 775,00;*
;36192;        Креветки (Litopenaeus vannamei) б/г в/п (16/20) с/м во льду 1.8кг - Индия;Blue Park Sea Foods;упак;1,8;6;1 700,00;*
;39926;        Креветки (Litopenaeus vannamei) б/г в/п (16/20) с/м во льду 1.8кг - Эквадор;Productos Perecibles y Mariscos Propemar S.A.;упак;1,8;6;1 931,00;*
;39990;        Креветки (Litopenaeus vannamei) б/г в/п (21/25) с/м во льду 1.8кг - Vanonis;Omarsa S.A.;упак;1,8;10;1 611,00;*
;39367;        Креветки (Litopenaeus vannamei) б/г в/п (21/25) с/м во льду 1.8кг - Индия;Anjaneya seafoods;упак;1,8;6;1 587,00;*
;31264;        Креветки (Litopenaeus vannamei) б/г в/п (26/30) с/м во льду 1.8кг - AquaFresh;IFB Agro Industries;упак;1,8;6;1 472,00;*
;25060;        Креветки (Litopenaeus vannamei) б/г в/п (26/30) с/м во льду 1.8кг - Индия;Gadre Marine Export;упак;1,8;6;1 397,00;*
;35070;        Креветки (Litopenaeus vannamei) б/г в/п (26/30) с/м во льду 1.8кг - Индия;Party Time Ice;упак;1,8;6;1 405,00;*
;38045;        Креветки (Litopenaeus vannamei) б/г в/п (26/30) с/м во льду 1.8кг - Индия;Blue Park Sea Foods;упак;1,8;6;1 524,00;*
;26680;        Креветки (Litopenaeus vannamei) б/г в/п (26/30) с/м во льду 1.8кг - Индия;Naik Oceanic Exports;упак;1,8;6;1 431,00;*
;36171;        Креветки (Litopenaeus vannamei) б/г в/п (26/30) с/м во льду 1.8кг - Индия;Veerabhadra Exports Private Limited;упак;1,8;6;1 572,00;*
;38475;        Креветки (Litopenaeus vannamei) б/г в/п Ж (16/20) с/м 1кг - Китай;Zhangzhou Donghao Seafoods;упак;1;10;900,00;*
;38664;        Креветки (Penaeus monodon) б/г в/п (11/15) с/м 1кг - Castlerock;Castlerock Fisheries;упак;1;10;963,00;*
;10023;        Креветки (Penaeus monodon) б/г в/п (8/12) с/м 1кг - Seapride;Fresh Foods;упак;1;10;1 391,00;*
;39592;        Креветки аргентинские б/г в/п (30/55) с/м 2кг - NOS;Iberpesca S.A.;упак;2;6;1 972,00;*
;;    Гигантские креветки с головой;;;;;;
;38291;        Креветки (Penaeus monodon) с/г в/п (13/15) с/м 1кг - Ocean Fresh;Sea Fresh Limited;упак;1;10;1 192,00;*
;39598;        Креветки (Penaeus monodon) с/г в/п (8/12) с/м 1кг - Risma;Sea Fresh Limited;упак;1;10;1 460,00;*
;38821;        Креветки аргентинские б/г в/п (30/55) с/м 2кг - NOS;B/P API VI  API Antartida Pesquera Industrial Sociedad Anonima;упак;2;6;2 053,00;*
;38627;        Креветки аргентинские б/г в/п (30/55) с/м 2кг - Аргентина;Nova Fish S.A.;упак;2;6;2 018,00;*
;37202;        Креветки аргентинские с/г в/п (11/20) с/м 2кг - Pescar;Estrella Patagonica S.A.;упак;2;6;1 566,00;*
;37648;        Креветки аргентинские с/г в/п (21/30) с/м 2кг - Conarpesa;Conarpesa Continental Armadores de Pesca S.A.;упак;2;6;1 508,00;*
;;    Гигантские креветки очищенные с хвостом;;;;;;
;35900;        Креветки (Litopenaeus vannamei) очищ. с хвостом (26/30) с/м 1кг - Индия;Naik Oceanic Exports;упак;1;10;858,00;*
;;    Гигантские креветки очищенные;;;;;;
;38748;        Креветки (Litopenaeus vannamei) очищ. с хвостом (26/30) с/м 1кг - Индия;IFB Agro Industries;упак;1;10;909,00;*
;;    Креветки очищенные;;;;;;
;33329;        Креветки очищ. (200/300) в/м 1кг - Китай ;Zhejiang Zhoufu Food;упак;1;10;774,00;*
;22802;        Креветки очищ. теплов. (200/300) в/м 2кг - Бангладеш;Ark Seafood;упак;2;5;5 704,00;*
;;    Креветки в/м в панцире;;;;;;
;38586;        Креветки (Pandalus borealis) с/г в/п (120+) в/м 5кг - Китай;Weihai Transport Aquatic Food;упак;5;1;4 586,00;*
;39736;        Креветки (Pandalus borealis) с/г в/п (60/80) в/м 5кг - Россия;Агама Роял Гринланд;упак;5;1;4 925,00;*
;40092;        Креветки (Pandalus borealis) с/г в/п (90/120) в/м 5кг - Китай;Rongcheng City Xinhui Aquatic ;упак;5;1;3 804,00;*
;38660;        Креветки (Pandalus borealis) с/г в/п (90/120) в/м 5кг - Китай;Weihai Transport Aquatic Food;упак;5;1;3 780,00;*
;;    Морепродукты;;;;;;
;34403;        Гребешки без икры (10/20) с/м 1кг — Китай   распродажа;Dalian Lucky Seafood;упак;1;10;1 900,00;*
;24170;        Гребешки без икры (10/20) с/м 1кг - Китай;Huludao Chunhe Food;упак;1;10;1 226,00;*
;37374;        Мидии (100/200) в/м 10кг - Чили;Inversiones Coihuin Limitada;упак;10;1;4 309,00;*
;35306;        Мидии (200/300) в/м 10кг - Чили;Inversiones Coihuin Limitada;упак;10;1;3 962,00;*
;35993;        Мидии (200/300) в/м 1кг - Китай;Shengsi Shunda Marine Food;упак;1;10;323,00;*
;36708;        Мидии (200/300) в/м 1кг -Россия;Союз морей;упак;1;10;283,00;*
;38413;        Мидии в голубых раковинах (40/60) в/м 0.5кг - Чили;St. Andrews Smoky Delicacies;упак;0,5;10;160,00;*
;33684;        Мидии в голубых раковинах (40/60) в/м 1кг - Чили;Ria Austral;упак;1;5;323,00;*
;26483;        Мидии в пол. ракушек (30/40) в/м 1кг - Китай;Shengsi Shunda Marine Food;упак;1;12;592,00;*
;34694;"        Моллюски ""Вонголе"" (31/40) в/м 0.5кг - Китай";Huludao Chunhe Food;упак;0,5;20;215,00;*
;20649;        Морской коктейль 1кг - Китай;Zhejiang Zhoufu Food;упак;1;10;317,00;*
;;    Морепродукты: ;;;;;;
;38299;        Рапан, мясо с/м 1кг - Россия;КРК;упак;1;12;450,00;*
;19303;        Улитки в белом соусе в тарелке 0.17кг - Россия;Азов Трейд;упак;0,17;8;225,00;*
;19304;        Улитки по-бургундски в тарелке 0.17кг - Россия;Азов Трейд;упак;0,17;8;225,00;*
;19305;        Улитки по-лимузински в тарелке 0.17кг - Россия;Азов Трейд;упак;0,17;8;225,00;*
;38924;        Улитки по-тайски в тарелке 0.17кг - Россия;Азов Трейд;упак;0,17;10;225,00;*
;;    Морепродукты:;;;;;;
;22542;"        Кальмар тушка ""Командорский"" с/м 11кг - Россия";НБАМР;упак;11;2;4 212,00;*
;27167;"        Кальмар тушка ""Командорский"" с/м 1кг - Океан Вкуса";Ново-Мар;упак;1;9;418,00;*
;38256;        Кальмар филе очищен. U10 с/м 1кг - Китай;Donggang Jinhui Foodstuff;упак;1;10;586,00;*
;37254;"        Кальмар щупальца ""Командорский"" с/м 12кг - Россия";Роскамрыба;упак;12;2;5 001,00;*
;40030;"        Кальмар щупальца ""Командорский"" с/м 22кг - Россия";Сахалинрыбаксоюз;упак;22;1;10 313,00;*
;37655;        Кальмар кольца в панировке с/м 0.5кг - Россия;ФРОСТ-А;упак;0,5;12;287,00;*
;38713;        Осьминог целый (0.5-1кг) с/м вес. - Индонезия;Kelola Mina Laut;кг;1;1;707,00;*
;32853;        Осьминог целый (1.2-1.5кг) с/м вес. - Марокко;Derhem Seafood;кг;1;1;1 650,00;*
;24429;        Осьминог целый (1.5-2кг) с/м вес. - Марокко;Derhem Seafood;кг;1;1;1 650,00;*
;27326;        Осьминог целый (1.5-2кг) с/м вес. - Марокко;SOCOPO;кг;1;1;1 650,00;*
;26822;        Осьминог целый (2-3кг) с/м вес. - Марокко;SOCOPO;кг;1;1;1 650,00;*
;30603;        Осьминог целый с/м вес. - Индонезия;CV. Prima Indo Tuna;кг;1;1;1 383,00;*
;26823;        Осьминог целый (3-4кг) с/м вес. - Марокко;SOCOPO;кг;1;1;1 690,00;*
;30210;        Осьминог целый (4-5кг) с/м вес. - Марокко;Derhem Seafood;кг;1;1;1 690,00;*
;26824;        Осьминог целый (4-6кг) с/м вес. - Марокко;SOCOPO;кг;1;1;1 690,00;*
;20895;        Осьминоги молодые (40/60) с/м 1кг - Вьетнам;Kien Cuong Seafood;упак;1;10;740,00;*
;40034;        Осьминоги молодые (40/60) с/м 1кг - Египет;King Fish for Investment;упак;1;9;683,00;*
;;    Икра, крабы;;;;;;
;39311;"        Икра ""Масаго"" малиновая 0.5кг - Nihao";Рыбпром;упак;0,5;20;425,00;*
;39309;"        Икра ""Масаго"" оранжевая 0.5кг - Nihao";Рыбпром;упак;0,5;20;425,00;*
;36290;"        Икра ""Масаго"" оранжевая 0.5кг - Умами";Прилов;упак;0,5;6;555,00;*
;;Рыба;;;;;;
;;    Слабосоленая и копченая рыба;;;;;;
;34528;        Кларий угревидный филе жареный вес. - Россия;Панинское;кг;1;1;809,00;*
;39452;        Угорь филе н/к (16-18 oz) жареный вес. - Risma;Chengdu Sea-Light Food;кг;1;1;1 648,00;*
;39554;        Угорь филе н/к (16-18 oz) жареный вес. - Sango;Wuyishan Hande Food;кг;1;1;1 599,00;*
;36272;        Угорь филе н/к (16-18 oz) жареный вес. - Китай;Foshan Shunde Ho Roun Food Products;кг;1;1;1 672,00;*
;38741;        Угорь филе н/к (16-20 oz) жареный вес. - Китай;Foshan Shunde Ho Roun Food Products;кг;1;1;1 640,00;*
;34123;        Угорь филе н/к (9 oz) жареный вес. - Cho Premium;Fujian Huanong Food;кг;1;1;1 750,00;*
;32174;        Лосось филе н/к (1.5-2) с/с вес. - Россия;Лебедь;кг;1;1;1 961,00;*
;32172;        Лосось филе н/к (1.5-2) х/к вес. - Россия;Лебедь;кг;1;1;1 999,00;*
;37787;        Лосось филе-ломтики б/к (~1кг) с/с вес. - Россия;Фуд Тим;кг;1;1;883,00;*
;37848;        Лосось филе-ломтики б/к (~1кг) х/к вес. - Россия;Фуд Тим;кг;1;1;697,00;*
;37858;        Масляная рыба филе н/к (1-2) х/к вес. - Россия;Фуд Тим;кг;1;1;873,00;*
;35077;        Масляная рыба филе н/к (1-2) х/к вес. - Россия;Лебедь;кг;1;1;821,00;*
;29500;        Масляная рыба филе н/к (2-3) х/к вес. - Россия;Лебедь;кг;1;1;968,00;*
;26838;        Сельдь филе в масле 1кг - Океан Вкуса;Ново-Мар;упак;1;4;318,00;*
;27417;        Форель филе н/к (1.5-2) с/с вес. - Беларусь;Продэксим;кг;1;1;1 788,00;*
;38278;        Форель филе н/к (2-2.5) с/с вес. - Беларусь;Регионфиш;кг;1;1;2 064,00;*
;37161;        Форель филе н/к (2-2.5) с/с вес. - Россия;Фуд Тим;кг;1;1;1 983,00;*
;39275;        Форель филе-ломтики б/к (~1кг) с/с вес. - Россия;Фуд Тим;кг;1;1;1009,00;*
;;    Свежемороженная рыба;;;;;;
;35837;        Дорадо тушка непотр. с/г (300/400) с/м 5кг - Турция;Agromey Gida;упак;5;1;3 192,00;*
;31514;        Дорадо тушка непотр. с/г (300/400) с/м 5кг - Турция;Kilic Deniz Urn.;упак;5;1;3 177,00;*
;39925;        Кета тушка потр. б/г (2-3) с/м 22кг - Россия;Континент;упак;22;1;7 580,00;*
;40103;        Лосось тушка потр. с/г (5-6) с/м вес. - Чили;Comercial Y Servicios Sur Austral Limitada;кг;1;1;1 322,00;*
;38200;        Лосось тушка потр. с/г (6-7) с/м вес. - Чили;Entrevientos S.A.;кг;1;1;1 321,00;*
;37757;        Лосось филе н/к (1.5-2) trim C с/м  вес. - Россия;Фуд Тим;кг;1;1;1 650,00;*
;36186;        Лосось филе н/к (1.5-2) trim D с/м вес. - Чили;Salmones Pacific Star S.A.;кг;1;1;1 697,00;*
;39927;        Минтай тушка потр. б/г (25+) с/м 12.5кг - Россия;Северо-Курильская БСФ;упак;12,5;2;1 814,00;*
;34415;        Минтай филе б/к с/м 10кг - Россия;Производственная компания Флиппер;упак;10;1;2 679,00;*
;39774;        Минтай филе н/к с/м 10кг - Россия;ПК Флиппер;упак;10;1;2 502,00;*
;40063;        Навага тушка потр. б/г (23+) с/м 17кг - Россия;Рыболовецкий колхоз им В.И. Ленина;упак;17;1;3 069,00;*
;37378;        Пангасиус розовый филе б/к (220+) с/м 10кг - Вьетнам;Branch Tranhan;упак;10;1;2 360,00;*
;37228;        Пангасиус филе б/к (220+) с/м 10кг - Вьетнам;Pacific Seafood Freezing Factory;упак;10;1;2 596,00;*
;38567;        Сельдь тушка непотр. с/г (400+) с/м 10кг - Россия;Океанрыбфлот;упак;10;2;1 971,00;*
;37760;        Сибас тушка непотр. с/г (300/400) с/м 5кг - Турция;Agromey Gida;упак;5;1;3 452,00;*
;37953;        Скумбрия тушка непотр. с/г (400/600) с/м 12.5кг - Фарерские острова;Vardin Pelagic;упак;12,5;2;4 056,00;*
;33375;        Судак филе н/к (300+) с/м 10кг - Россия;Русская рыба;упак;10;1;6 123,00;*
;36724;        Тилапия филе б/к (5-7oz) с/м 10кг - Китай;Hainan Qinfu Foods;упак;10;1;4 248,00;*
;38301;"        Тунец филе ""Yellowfin"" AAA б/к (0.5-0.7) с/м вес. - Вьетнам";HuyNam Seafood;кг;1;1;1 777,00;*
;39242;"        Тунец филе ""Yellowfin"" AAA б/к (0.3-0.5) с/м вес. - Морская палитра";Hai Vuong Company;кг;1;1;1 364,00;*
;39241;"        Тунец филе ""Yellowfin"" AAA б/к (0.5-0.8) с/м вес. - Морская палитра";Hai Vuong Company;кг;1;1;1 384,00;*
;36310;"        Тунец филе ""Yellowfin"" AАА б/к (0.3-0.5) с/м вес. - Китай";Zhoushan Putuo Haichen Aquatic Products;кг;1;1;1139,00;*
;39385;        Тунец филе б/к (2-4) с/м вес. - Вьетнам;An Hai Fishery;кг;1;1;1038,00;*
;39696;        Форель радужная тушка непотр. с/г (300/500) с/м вес. - Турция;Politek Insaat Ambalaj Gida Ve Su Urunleri San. Ve Tic. A.S.;кг;1;1;432,00;*
;37037;        Форель радужная тушка потр. с/г (200/250) с/м 5кг - Турция;TSM Deniz Urunleri San;упак;5;1;2 490,00;*
;40093;        Форель радужная тушка потр. с/г (250/300) с/м 10кг - Россия;Питерское;упак;10;1;5 452,00;*
;25214;        Форель радужная тушка потр. с/г (2шт. в карт. коробке) с/м 0.34кг - Турция;Liman Entegre Balikcilik;упак;0,34;12;237,00;*
;38516;        Форель радужная тушка потр. с/г (300/350) с/м 5кг - Турция;Kilic Deniz Urn.;упак;5;1;3 481,00;*
;39968;        Форель радужная тушка потр. с/г (350/400) с/м 11кг - Иран;Ghezel Protein Sami Gharb;упак;11;1;6 170,00;*
;38547;        Форель филе н/к (1.5-2) trim PR с/м вес. - Россия;Лебедь;кг;1;1;1 986,00;*
;38904;        Чилийский сибас тушка потр. б/г (6-8 кг/шт) с/м вес. - Китай;Weihai Transport Aquatic Food;кг;1;1;4 615,00;*
;38157;        Щука филе б/к с/м 10кг - Россия;Альфа-М;упак;10;1;4 941,00;*
;;Изделия из сурими;;;;;;
;;    Крабовые палочки, ломтики;;;;;;
;24053;        Крабовые палочки (имитация) с/м 0.5кг - Снежный краб;Вичюнай-Русь;упак;0,5;6;222,00;*
;39101;        Крабовые палочки (имитация) с/м 1кг - VICI;Вичюнай-Русь;упак;1;5;243,00;*
;31135;        Крабовые палочки (имитация) с/м 5кг - VICI;Вичюнай-Русь;упак;5;1;1139,00;*
;;Мясо;;;;;;
;;    Говядина мраморная;;;;;;
;38934;        Говядина стейк б/к (ДЕНВЕР) (~2.5кг) с/м вес. - Primebeef;Заречное;кг;1;1;1 230,25;*
;;    Говядина, телятина;;;;;;
;34548;        Говядина вырезка б/к (~1.5кг) с/м вес. - Беларусь;Калинковичский МК;кг;1;1;1 397,08;*
;32298;        Говядина вырезка б/к (~1.5кг) с/м вес. - Беларусь;Могилевский МК;кг;1;1;1 397,08;*
;36873;        Говядина вырезка б/к (~1.5кг) с/м вес. - Россия;Тимашевскмясопродукт;кг;1;1;1 394,40;*
;27347;        Говядина лопатка б/к (~8кг) с/м вес. - Россия;Тимашевскмясопродукт;кг;1;1;452,40;*
;23533;        Говядина печень (~7кг) с/м вес. - Аргентина;Offal Exp S.A.;кг;1;1;238,80;*
;35238;        Говядина щека (~20кг) с/м вес. - Аргентина;Offal Exp S.A.;кг;1;1;442,80;*
;32574;        Говядина язык (~1.5кг) с/м вес. - Аргентина;Offal Exp S.A.;кг;1;1;643,39;*
;32640;        Говядина язык (~1.5кг) с/м вес. - Аргентина;Swift Argentina S.A.;кг;1;1;656,40;*
;39092;        Говядина язык (~1.5кг) с/м вес. - Парагвай;Frigorifico Concepcion;кг;1;1;592,80;*
;;    Свинина;;;;;;
;36703;        Свинина вырезка б/к (~0.5кг) с/м вес. - Мираторг;Мираторг-Курск;кг;1;1;395,56;*
;40095;        Свинина вырезка б/к (~0.5кг) с/м вес. - Россия;ПК Элитгрупп Инвест;кг;1;1;422,24;*
;32569;        Свинина вырезка б/к (~0.5кг) с/м вес. - Южное;Южное МПП;кг;1;1;425,72;*
;36492;        Свинина корейка б/к (~3кг) с/м вес. - Россия;Южное МПП;кг;1;1;344,52;*
;40096;        Свинина лопатка б/к (~8кг) с/м вес. - Россия;ПК Элитгрупп Инвест;кг;1;1;313,20;*
;31066;        Свинина окорок б/к (~8кг) с/м вес. - Россия;Южное МПП;кг;1;1;344,52;*
;40106;        Свинина шея б/к (~2кг) с/м вес. - Россия;Союз-М;кг;1;1;582,32;*
;31451;        Свинина шея б/к (~2кг) с/м вес. - Россия;Южное МПП;кг;1;1;586,88;*
;;    Сыровяленые, вареные, копченые изделия;;;;;;
;35633;"        Бекон нарезка ""Венгерский"" с/к 0.5кг - Дымов";Дымовское колбасное производство;упак;0,5;20;212,00;*
;37711;"        Бекон нарезка ""Классический"" в/к 0.5кг - Черкизово";ЧМПЗ;упак;0,5;6;286,00;*
;37892;"        Бекон нарезка ""Экстра"" с/к 0.5кг - Черкизово";ЧМПЗ;упак;0,5;21;285,00;*
;40074;"        Ветчина ""Фирменная"" 1кг - Ремит Horeca";Ремит МЗ;упак;1;10;514,00;*
;40054;        Ветчина из индейки 0.4кг - Империя вкуса ;Пит Продукт;упак;0,4;9;169,00;*
;38447;        Говядина филе б/к (~1кг) с/в вес. - Alto Concetto;Печура ИП;кг;1;1;2 823,00;*
;37712;"        Колбаса ""Пепперони"" с/к (~0.5кг)  вес. - Россия";ЧМПЗ;кг;1;1;605,00;*
;38937;"        Колбаса ""Пепперони"" с/к 0.5кг - Россия";Пит Продукт;упак;0,5;6;264,00;*
;31235;"        Колбаса ""Пепперони"" с/к 1кг - Дымов";Дымовское колбасное производство;упак;1;1;672,00;*
;32415;"        Колбаса ""Пепперони"" с/к 1кг - Россия";Ремит МЗ;упак;1;8;650,00;*
;39487;"        Колбаски ""Классические"" п/к 0.5кг - Дымов";Дымовское колбасное производство;упак;0,5;10;269,00;*
;37313;        Свинина шея б/к (~1.5кг) с/в вес. - Alto Concetto;Печура ИП;кг;1;1;1 869,00;*
;37312;        Свинина окорок с/в  б/к (~1.5кг) вес.- Alto Concetto;Печура ИП;кг;1;1;2 121,00;*
;39934;"        Сосиски ""Подкопченные"" 12кг - Варвикс";Обнинский мясоперерабатывающий комбинат Варвикс;упак;12;1;2 138,00;*
;;Птица;;;;;;
;;    Кура;;;;;;
;40114;        Курица бедро (~1кг) с/м вес. - Благояр;Токаревская ПФ;кг;1;1;255,00;*
;20536;        Курица бедро (~1кг) с/м вес. - Приосколье;Приосколье;кг;1;1;214,00;*
;38043;        Курица грудка (~0.5кг) в/к вес. - Павловская курочка;Павловская ПФ;кг;1;1;322,00;*
;37771;        Курица желудки (~1кг) с/м вес. - Крымская Ряба;Дружба Народов Нова;кг;1;1;141,00;*
;21191;        Курица печень (~1кг) с/м вес. - Россия;Приосколье;кг;1;1;170,00;*
;24639;        Курица печень с/м 0.9кг - Россия;Ставропольский бройлер;упак;0,9;10;127,00;*
;25116;        Курица филе (шаурма) б/к б/к с/м 15кг вес. - Россия;МДМ;кг;1;15;340,00;*
;34768;        Курица филе бедра б/к б/к с/м 2.5кг - Россия;Золотое зернышко;упак;2,5;8;757,00;*
;35498;        Курица филе грудки б/к б/к (~1кг) с/м вес. - Россия;Чамзинская ПФ;кг;1;1;418,00;*
;34737;        Курица филе грудки б/к б/к с/м 2.5кг - Россия;Золотое зернышко;упак;2,5;8;813,00;*
;39206;        Цыпленок корнишон тушка потр. с/м 0.45кг - Россия;Дорофеев КФХ;упак;0,45;20;197,00;*
;33855;        Цыпленок корнишон тушка потр. с/м 0.5кг - Россия;Нерсисян КФХ;упак;0,5;18;195,00;*
;;    Утка;;;;;;
;36449;        Утка окорока (0.2-0.3кг*2шт) с/м вес. - Озёрка;Новые утиные фермы;кг;1;1;460,00;*
;36414;        Утка тушка потр. (2-2.3кг) с/м вес. - Озёрка;Новые утиные фермы;кг;1;1;283,00;*
;36413;        Утка филе грудки с/к (0.2-0.3кг) с/м вес. - Озёрка;Новые утиные фермы;кг;1;1;649,00;*
;36225;        Утка филе грудки с/к (0.3-0.4кг) с/м вес. - Россия;Центральная ПФ;кг;1;1;637,00;*
;;    Индейка;;;;;;
;35650;        Индейка филе грудки б/к б/к (~12кг) c/м вес. - Россия;ПК Урал;кг;1;1;458,00;*
;40052;"        Фарш из индейки ""Столичный"" с/м 0.9кг - Россия";ПензаМолИнвест;упак;0,9;10;130,00;*
;;Пюре из фруктов;;;;;;
;;    Пюре;;;;;;
;33475;        Фруктовое пюре Ананас с/м 1кг - Agrobar;Агробар Про;упак;1;6;698,00;*
;33872;        Фруктовое пюре Груша с/м 1кг - Agrobar;Агробар Про;упак;1;6;511,00;*
;37338;        Фруктовое пюре Имбирь с/м 1кг - Agrobar;Агробар Про;упак;1;6;495,00;*
;34777;        Фруктовое пюре Инжир с/м 1кг - Agrobar;Агробар Про;упак;1;6;618,00;*
;33762;        Фруктовое пюре Кизил с/м 1кг - Agrobar;Агробар Про;упак;1;6;541,00;*
;33463;        Фруктовое пюре Клубника с/м 1кг - Agrobar;Агробар Про;упак;1;6;461,00;*
;34748;        Фруктовое пюре Клюква с/м 1кг - Agrobar;Агробар Про;упак;1;6;441,00;*
;33476;        Фруктовое пюре Кокос с/м 1кг - Agrobar;Агробар Про;упак;1;6;860,00;*
;33761;        Фруктовое пюре Красная смородина с/м 1кг - Agrobar;Агробар Про;упак;1;6;479,00;*
;33624;        Фруктовое пюре Лайм с/м 1кг - Agrobar;Агробар Про;упак;1;6;497,00;*
;34763;        Фруктовое пюре Личи с/м 0.9кг - Agrobar;Агробар Про;упак;0,9;6;570,00;*
;33471;        Фруктовое пюре Малина с/м 1кг - Agrobar;Агробар Про;упак;1;6;636,00;*
;33472;        Фруктовое пюре Манго с/м 1кг - Agrobar;Агробар Про;упак;1;6;549,00;*
;33871;        Фруктовое пюре Мандарин с/м 1кг - Agrobar;Агробар Про;упак;1;6;537,00;*
;33536;        Фруктовое пюре Маракуйя с семечкой с/м 1кг - Agrobar;Агробар Про;упак;1;6;795,00;*
;33473;        Фруктовое пюре Маракуйя с/м 1кг - Agrobar;Агробар Про;упак;1;6;795,00;*
;34750;        Фруктовое пюре Нектарин с/м 1кг - Agrobar;Агробар Про;упак;1;6;622,00;*
;34839;        Фруктовое пюре Облепиха с/м 1кг - Agrobar;Агробар Про;упак;1;6;473,00;*
;33767;        Фруктовое пюре Рябина с/м 1кг - Agrobar;Агробар Про;упак;1;6;377,00;*
;34753;        Фруктовое пюре Тыква с/м 1кг - Agrobar;Агробар Про;упак;1;6;459,00;*
;37685;        Фруктовое пюре Яблоко Гольден с/м 1кг - Agrobar;Агробар Про;упак;1;6;460,00;*
;;Картофель-фри;;;;;;
;;    Farm Frites;;;;;;
;38551;        Картофель-фри 7мм с/м 2.5кг - Farm Frites;Farm Frites International;упак;2,5;4;626,00;*
;;    LambWeston;;;;;;
;38389;        Картофель-фри 6мм с панировкой Fry Me с/м 2.5кг - Lamb Weston;ЛВМ РУС;упак;2,5;5;550,00;*
;38112;        Картофель-фри 9мм Triumf с/м 2.5кг - Lamb Weston;ЛВМ РУС;упак;2,5;5;390,00;*
;38388;        Картофель-фри 9мм в панировке Fry Me с/м 2.5кг - Lamb Weston;ЛВМ РУС;упак;2,5;5;531,00;*
;38380;        Картофельные дольки в кожуре 2.5кг - Lamb Weston;ЛВМ РУС;упак;2,5;5;569,00;*
;38111;        Картофельные дольки в кожуре со специями 2.5кг - Lamb Weston;ЛВМ РУС;упак;2,5;5;737,00;*
;39413;        Картофельные дольки волнистые в кожуре со специями 2.5кг - Lamb Weston;Ви Фрай;упак;2,5;5;652,00;*
;;    Прочие;;;;;;
;38749;        Картофель-фри 10мм с/м 2.5кг - Nobar Sabz;Nobar Sabz;упак;2,5;4;546,00;*
;38750;        Картофель-фри 8мм с/м 2.5кг - Nobar Sabz;Nobar Sabz;упак;2,5;4;480,00;*
;39821;        Картофель-фри 7мм в панировке с/м 2.5кг - LibanFrites;Tayyebat Sarl;упак;2,5;4;546,00;*
;39974;        Картофель-фри 9мм с/м 2.5кг - Pomking;Doga Tohumculuk;упак;2,5;5;634,00;*
;38781;        Картофельные дольки в кожуре 2.5кг - Agrarfrost;Agrarfrost;упак;2,5;4;595,00;*
;39094;        Картофельные шарики с/м 2.5кг - Agrarfrost;Agrarfrost;упак;2,5;4;675,00;*
;39973;        Луковые кольца в панировке 3кг - Россия;Гурман;упак;3;1;765,00;*
;;Растительные  масла, жиры, майонезы;;;;;;
;;    Масло, жиры, майонезы;;;;;;
;18902;        Жир фритюрный 7.5л - Вегафрай;Каргилл;упак;7,5;1;1060,00;*
;32520;"        Майонез ""Professional"" 67% 10л - Pechagin";Олрос;упак;10;1;1 540,00;*
;32529;"        Майонез ""Professional"" 67% 5л - Pechagin";Олрос;упак;5;2;815,00;*
;37631;"        Майонез ""Professional"" 78% 5кг - Heinz";Петропродукт-Отрадное;упак;5;1;1 976,00;*
;35838;"        Майонез ""Провансаль"" 67% 10л - Юг Profi";СПП Юг;упак;10;1;1314,00;*
;29849;        Масло оливковое Extra Virgin (пл.бут) 1л - Oliveto;Оливето;упак;1;12;885,00;*
;28597;        Масло оливковое Sansa (пл.бут) 1л - Oliveto;Оливето;упак;1;12;533,00;*
;35898;        Масло оливковое Sansa (пл.бут) 1л - Val De;Urzante S.L.;упак;1;15;511,00;*
;38061;        Масло кунжутное 1л - Akiso;Марьинские вина;упак;1;6;438,00;*
;20123;        Масло подсолнечное 1л - Sunny Gold;Каргилл;упак;1;15;121,00;*
;35724;        Масло подсолнечное 1л - Кубанское любимое;СПП Юг;упак;1;15;123,00;*
;29077;        Масло фритюрное 5л - iFry;Каргилл;упак;5;1;613,00;*
;21222;        Масло фритюрное 5л - Sunny Gold;Каргилл;упак;5;1;670,00;*
;35723;        Масло фритюрное 5л - Юг Profi;СПП Юг;упак;5;1;645,00;*
;;Хлеб, кондитерские изделия;;;;;;
;;    Торты, чизкейки, пироги;;;;;;
;32338;"        Торт ""Прага"" 1.6кг - Kristof";Глобус элит;упак;1,6;4;928,00;*
;32339;"        Торт ""Тирамису"" 1.6кг - Kristof";Глобус элит;упак;1,6;4;803,00;*
;35053;"        Чизкейк ""Карамельный"" 1.2кг - Питер Фрост";Питер Фрост;упак;1,2;6;989,00;*
;34645;"        Чизкейк ""Клубничный"" 1.2кг - Питер Фрост";Питер Фрост;упак;1,2;6;910,00;*
;34642;"        Чизкейк ""Малиновый"" 1.2кг - Питер Фрост";Питер Фрост;упак;1,2;6;953,00;*
;34641;"        Чизкейк ""Нью-Йорк"" 1.2кг - Питер Фрост";Питер Фрост;упак;1,2;6;900,00;*
;34644;"        Чизкейк ""Ореховый"" 1.2кг - Питер Фрост";Питер Фрост;упак;1,2;6;939,00;*
;;"    Изделия из теста ""Европейский Хлеб""";;;;;;
;19005;        Булочка пражская 0.04кг - Еврохлеб;Европейский хлеб;упак;0,04;80;10,00;*
;19008;        Булочка французская 0.04кг - Еврохлеб;Европейский хлеб;упак;0,04;80;7,00;*
;30697;        Круассан (маргарин) 0.085кг - Еврохлеб;Европейский хлеб;упак;0,085;50;29,00;*
;34629;        Хлеб Чиабатта  (0.23кг*20шт.) - Fazer;Фацер;упак;4,6;1;1072,00;*
;26834;        Хлеб Чиабатта 0.265кг - Еврохлеб;Европейский хлеб;упак;0,265;15;53,00;*
;34625;        Хлебушек Домашний без дрожжей  (0.35кг*14шт.) - Россия;Фацер;упак;4,9;1;773,00;*
;;    Хлебобулочные изделия ;;;;;;
;37951;        Булочка для гамбургера (125мм) (0.082кг*36шт.) - CaBaRe bakers;Кабаре бейкерс;упак;2,952;1;604,00;*
;36053;        Булочка для гамбургера с кунжутом (100мм) (0.052кг*45шт.) - CaBaRe bakers;Кабаре бейкерс;упак;2,34;1;602,00;*
;35569;        Булочка для гамбургера с кунжутом (125мм) (0.082кг*36шт.) - CaBaRe bakers;Кабаре бейкерс;упак;2,952;1;604,00;*
;35570;        Булочка для гамбургера черная с кунжутом (125мм) (0.082кг*36шт.) - CaBaRe bakers;Кабаре бейкерс;упак;2,952;1;753,00;*
;36055;        Булочка для хот-дога с кунжутом (0.06кг*54шт.) - CaBaRe bakers;Кабаре бейкерс;упак;3,24;1;774,00;*
;35876;        Чипсы креветочные 0.227кг - Real Tang;Dalian Yuming Food;упак;0,227;60;84,00;*
;;    Тесто;;;;;;
;40001;"        Тесто слоеное бездрожжевое ""Особое"" (0.5кг*20шт.) - Россия";Черемушки;упак;10;1;1 258,00;*
;39886;        Тесто слоеное бездрожжевое (0.5кг*20шт.) - Россия;Черемушки;упак;10;1;1 516,00;*
;9260;        Тесто слоеное бездрожжевое 0.5кг - Звездный;Звездный;упак;0,5;16;116,00;*
;40002;"        Тесто слоеное дрожжевое ""Особое"" (0.5кг*20шт.) - Россия";Черемушки;упак;10;1;1 258,00;*
;39885;        Тесто слоеное дрожжевое (0.5кг*20шт.) - Россия;Черемушки;упак;10;1;1 657,00;*
;9261;        Тесто слоеное дрожжевое 0.5кг - Звездный;Звездный;упак;0,5;16;122,00;*
;;Бакалея, молочные продукты;;;;;;
;;    Приправы, специи;;;;;;
;37542;        Базилик 0.2кг - SpiceExpert;Спайс Эксперт;упак;0,2;6;156,00;*
;38317;        Бульон мясной 1кг - SpiceExpert;Спайс Эксперт;упак;1;20;363,00;*
;38631;"        Бульон рыбный ""Хондаши"" 1кг - Китай";Zhangpu Fengziya Food;упак;1;10;589,00;*
;37987;        Глутамат натрия 0.454кг - Yakimal;Якимал;упак;0,454;50;160,00;*
;36112;        Глутамат натрия 0.454кг - Pearl River Bridge;Guangdong PRB Bio-Tech Co.;упак;0,454;50;141,00;*
;38425;        Кориандр молотый 0.45кг - SpiceExpert;Спайс Эксперт;упак;0,45;6;126,00;*
;36653;        Крахмал кукурузный 1кг - SpiceExpert;Спайс Эксперт;упак;1;15;174,00;*
;37675;        Кунжут семена (белый) 1кг - Yakimal;Якимал;упак;1;15;349,00;*
;38603;        Кунжут семена (черный) 1кг - Yakimal;Якимал;упак;1;15;349,00;*
;37700;        Кунжут семена (черный) 1кг - Индия;Unjhaagro Company;упак;1;1;422,00;*
;36655;        Куркума молотая 0.5кг - SpiceExpert;Спайс Эксперт;упак;0,5;6;294,00;*
;39694;        Лук жареный сушеный 1кг - Yakimal;Якимал;упак;1;10;520,00;*
;36657;        Орегано 0.15кг - SpiceExpert;Спайс Эксперт;упак;0,15;6;163,00;*
;36658;        Паприка сладкая молотая 0.4кг - SpiceExpert;Спайс Эксперт;упак;0,4;6;285,00;*
;33147;        Перец красный молотый 0.4кг - SpiceExpert;Спайс Эксперт;упак;0,4;6;253,00;*
;38971;"        Перец красный молотый ""Шичими"" 0.3кг - Yakimal";Якимал;упак;0,3;50;352,00;*
;36663;        Перец черный дробленый 0.5кг - SpiceExpert;Спайс Эксперт;упак;0,5;6;653,00;*
;36662;        Перец черный молотый 0.5кг - SpiceExpert;Спайс Эксперт;упак;0,5;6;398,00;*
;36664;        Перец черный целый 0.5кг - SpiceExpert;Спайс Эксперт;упак;0,5;6;679,00;*
;36647;"        Приправа ""Для курицы"" 0.5кг - SpiceExpert";Спайс Эксперт;упак;0,5;6;230,00;*
;36650;"        Приправа ""Для рыбы с лимоном"" 0.5кг - SpiceExpert";Спайс Эксперт;упак;0,5;6;549,00;*
;36659;"        Приправа ""Прованские травы""  0.15кг - SpiceExpert";Спайс Эксперт;упак;0,15;6;147,00;*
;36668;        Разрыхлитель теста 1кг - SpiceExpert;Спайс Эксперт;упак;1;15;540,00;*
;36667;        Сахарная пудра 1кг - SpiceExpert;Спайс Эксперт;упак;1;20;159,00;*
;39239;"        Соус ""Деми Глас"" 1.8кг - Knorr";КДВ Тула;упак;1,8;4;2 244,00;*
;29026;        Сухари панировочные 1кг - Kaneshiro;Bon Food Industries;упак;1;8;299,00;*
;29622;        Сухари панировочные 1кг - Kaneshiro;Bon Food Industries;упак;1;10;310,00;*
;39352;        Сухари панировочные 10кг - Tamaki;Европродукт;упак;10;1;1 850,00;*
;38289;        Сухари панировочные 1кг - Tamaki;Европродукт;упак;1;10;192,00;*
;35920;        Сухари панировочные 1кг - Yakimal;Якимал;упак;1;10;174,00;*
;37086;        Сухари панировочные 1кг - Россия;Кенигсбергер Хандельсконтор;упак;1;10;181,00;*
;36665;        Тимьян 0.2кг - SpiceExpert;Спайс Эксперт;упак;0,2;6;227,00;*
;36661;        Чеснок сушеный (гранулы) 1кг - SpiceExpert;Спайс Эксперт;упак;1;15;675,00;*
;37093;        Чеснок сушеный (порошок) 0.5кг - SpiceExpert;Спайс Эксперт;упак;0,5;6;319,00;*
;;    Водоросли;;;;;;
;38696;"        Водоросли ""Нори"" (100 листов) 0.23кг - Sango";Daechang Food;упак;0,23;96;703,00;*
;38089;"        Водоросли ""Нори"" (100 листов) 0.3кг — Китай Распродажа";Nantong Reliable Seaweed;упак;0,3;40;700,00;*
;36105;"        Водоросли ""Нори"" (100 листов) 0.23кг - Tidori";Fishing Corparation K-Food;упак;0,23;40;552,00;*
;40038;"        Водоросли ""Нори"" (100 листов) 0.24кг - Tamaki";JIHO Corporation;упак;0,24;52;677,00;*
;37894;"        Салат из морск. водорослей ""Хияши Вакамэ"" 1кг - Tamaki";Европродукт;упак;1;10;278,00;*
;35955;"        Салат из морск. водорослей ""Хияши Вакамэ"" 1кг - Балтийский берег";Балтийский берег;упак;1;6;308,00;*
;39710;"        Салат из морск. водорослей ""Хияши Вакамэ"" 1кг - Китай";Dalian Haibao Foods;упак;1;10;294,00;*
;;    Имбирь;;;;;;
;31739;        Имбирь маринованный (Grade A) 1кг - Китай;Laiwu Taifeng Foods;упак;1;10;143,00;*
;39308;        Имбирь маринованный 1кг - Nihao;Laiwu Gold Harvest Trading Corporation;упак;1;10;136,00;*
;37538;        Имбирь маринованный 1кг - Sango;Shandong Yelin Foodstuff;упак;1;10;136,00;*
;36065;        Имбирь маринованный 1кг - Китай;Laiwu Manhing;упак;1;10;145,00;*
;31737;        Имбирь маринованный белый (Grade A) 1кг - Китай;Laiwu Taifeng Foods;упак;1;10;148,00;*
;38263;        Имбирь маринованный белый 1кг - Hikari;Beijing Shipuller;упак;1;10;171,00;*
;39741;        Хрен Васаби, сушеный (light) 1кг - Tamaki;Европродукт;упак;1;10;339,00;*
;39312;        Хрен Васаби, сушеный 1кг - Nihao;Рыбпром;упак;1;10;325,00;*
;39553;        Хрен Васаби, сушеный 1кг - Россия;Рыбпром;упак;1;10;324,00;*
;;    Консервация;;;;;;
;36918;        Ананасы кольца 0.565кг - Пан Консервычъ;Kodanmal Group;упак;0,565;12;125,00;*
;36386;        Ананасы кольца 0.58кг - Sunfeel;Vietnam Agricultural Processing & Export;упак;0,58;24;142,00;*
;33942;        Ананасы кусочки 0.58кг - Пан Консервычъ;Koliate Co.;упак;0,58;12;106,00;*
;39683;        Анчоусы филе в масле 0.7кг - Delicius;Delicius Rizzoli S.p.A.;упак;0,7;6;2 002,00;*
;32558;"        Горчица ""Дижон"" 0.8кг - Oliveto";Девелей;упак;0,8;6;419,00;*
;32559;        Горчица из цельных зерен 0.8кг - Oliveto;Девелей;упак;0,8;6;408,00;*
;39996;        Зеленый горошек 0.4кг - Кубанский разгуляй;Первый Георгиевский КЗ;упак;0,4;12;69,00;*
;33542;        Зеленый горошек 0.4кг - Практик;Кубанские деликатесы;упак;0,4;12;61,00;*
;32368;        Каперсы 0.57кг - Oliveto;Oliveto;упак;0,57;12;319,00;*
;32526;        Кукуруза сладкая маринованная 0.425кг - Практик;Кубанский консервный комбинат;упак;0,425;12;69,00;*
;39995;        Кукуруза сладкая маринованная 0.4кг - Кубанский разгуляй;Кубанский консервный комбинат;упак;0,4;12;69,00;*
;37203;        Маслины черные б/к 0.28кг - MaySun;Industrias Alimentarias de Navarra;упак;0,28;12;83,00;*
;39888;        Маслины черные б/к 0.28кг - Пан Консервычъ;Wadi El Nile for Food Industries;упак;0,28;12;72,00;*
;36774;        Огурцы маринованные (6-9 см) 1.8кг - Флорека;Сгибнев ИП;упак;1,8;5;264,00;*
;36775;        Огурцы маринованные (слайс) 1.8кг - Флорека;Сгибнев ИП;упак;1,8;5;245,00;*
;37582;        Оливки зеленые б/к 0.28кг - MaySun;Industrias Alimentarias de Navarra;упак;0,28;12;82,00;*
;39889;        Оливки зеленые б/к 0.28кг — Пан Консервычъ;Wadi El Nile for Food Industries;упак;0,28;12;73,00;*
;39978;        Томатная паста 1кг - Pechagin;ПКП;упак;1;1;265,00;*
;37224;        Томатная паста 1кг - Silvia;Сорокин ИП;упак;1;9;146,00;*
;33541;        Томатная паста 1кг - СКС;Сорокин ИП;упак;1;9;108,00;*
;40043;        Томатная паста 5.6кг - Южное изобилие;Донконсервпром Юг;упак;5,6;1;875,00;*
;38269;        Томаты протертые 10кг - Casar;Casar S.r.l.;упак;10;1;2 727,00;*
;37813;        Томаты протертые 2.05кг - Heinz;H.J. Heinz Manufacturing Spain;упак;2,05;6;375,00;*
;35548;        Томаты протертые 2.5кг - Casar;Casar S.r.l.;упак;2,5;6;814,00;*
;38393;        Томаты протертые 4.05кг - O Sole Mio;Steriltom;упак;4,05;1;1086,00;*
;32357;        Томаты сушеные в масле 1.6кг - Италия;Oliveto;упак;1,6;6;1129,00;*
;36549;        Томаты целые очищ. в с/с 2.5кг - Antica Napoli;Perano Enrico&Figli S.P.A.;упак;2,5;6;623,00;*
;38723;        Томаты целые очищ. в с/с 2.5кг - Ciao;Compagnia Mercantile D'Oltremare S.r.l.;упак;2,5;6;661,00;*
;39627;        Томаты целые очищ. в с/с 2.5кг - Sica;Sica S.r.l.;упак;2,5;6;500,00;*
;40023;        Тунец кусочки в с/с 0.17кг - Sunfeel;Tropical Food Manufacturing;упак;0,17;24;142,00;*
;30165;        Тунец кусочки в с/с 0.17кг - Sunfeel;Golden Prize Canning;упак;0,17;24;142,00;*
;36776;        Халапеньо резаный 1.8кг - Флорека;Сгибнев ИП;упак;1,8;5;325,00;*
;;    Бакалея;;;;;;
;37047;        Крупа гречневая 0.8кг - Солнечный край;Лобко ИП;упак;0,8;1;65,00;*
;39284;"        Лапша пшеничная ""Удон"" 0.3кг - Kekeshi";Yinniu Flour;упак;0,3;40;56,00;*
;39538;"        Лапша пшеничная ""Удон"" 0.4кг - Kekeshi";Алау Рэд;упак;0,4;30;75,00;*
;30857;"        Лапша гречневая ""Соба"" 0.3кг - Китай";Shandong Wheat Sun Food;упак;0,3;40;63,00;*
;39610;"        Лапша гречневая ""Соба"" 0.4кг - Kekeshi";Алау Рэд;упак;0,4;30;84,00;*
;39796;"        Лапша из крахмала ""Фунчоза"" 0.5кг - Risma";Yantai Shuangta Food;упак;0,5;30;185,00;*
;23161;"        Лапша пшеничная ""Удон"" 0.3кг - Китай";Shandong Wheat Sun Food;упак;0,3;40;61,00;*
;32794;        Лапша яичная 0.3кг - Китай;Shandong Wheat Sun Food;упак;0,3;40;60,00;*
;37611;        Макароны Лингуине 0.5кг - Divella;F.Divella S.p.A.;упак;0,5;24;88,00;*
;21604;        Макароны Пенне Ригате 0.5кг - De Cecco;De Cecco di Filippo;упак;0,5;24;192,00;*
;37612;        Макароны Пеннони Ригате 0.5кг - Divella;F.Divella S.p.A.;упак;0,5;24;88,00;*
;37046;        Макароны Рожки 5кг - Петровские нивы;Матвеев ИП;упак;5;1;369,00;*
;37609;        Макароны Спагетти Ристоранте 0.5кг - Divella;F.Divella S.p.A.;упак;0,5;24;149,00;*
;37610;        Макароны Спагеттини 0.5кг - Divella;F.Divella S.p.A.;упак;0,5;24;149,00;*
;37614;        Макароны Тальятелле 0.5кг - Divella;F.Divella S.p.A.;упак;0,5;12;242,00;*
;37613;        Макароны Феттучини 0.5кг - Divella;F.Divella S.p.A.;упак;0,5;12;241,00;*
;37065;"        Мука из мягких сортов пшеницы ""Anima Verace"" ОО 25кг - Denti";Industria Molitoria Denti s.r.l.;упак;25;1;3 905,00;*
;33947;"        Мука из мягких сортов пшеницы ""Pizzeria"" ОО 25кг - Caputo";Antimo Caputo S.r.l.;упак;25;1;5 154,00;*
;38212;"        Мука из мягких сортов пшеницы ""Для национальной выпечки""  25кг - Супермука";Мукомол;упак;25;1;1 500,00;*
;39970;"        Мука из мягких сортов пшеницы ""Для пиццы Napoletana"" 25кг - Супермука";Мукомол;упак;25;1;1 652,00;*
;36025;"        Мука из мягких сортов пшеницы ""СуперМука"" (клапан) 25кг - Россия";Мукомол;упак;25;1;1 527,00;*
;36832;"        Мука из мягких сортов пшеницы ОО ""Classica"" 25кг - Le 5 Stagioni";Aguglaro & Figna Molini Spa;упак;25;1;3 728,00;*
;38970;        Мука темпурная 1кг - Nihao;Рыбпром;упак;1;20;73,00;*
;35289;        Мучная смесь темпурная 1кг - Kaneshiro;Петербургский МК;упак;1;10;151,00;*
;38930;        Рис для суши ГОСТ (1 сорт) 25кг - Россия;АгроДАР;упак;25;1;2 433,00;*
;30957;        Рис для суши ГОСТ (1 сорт) 25кг - Россия;Чиркова КФХ;упак;25;1;2 564,00;*
;40102;        Рис для суши ГОСТ (высший сорт) 25кг - Россия;Млика;упак;25;1;2 722,00;*
;36812;        Сахар песок 1кг - АСФО;АСФО;упак;1;10;88,00;*
;;    Соусы, бульоны, заправки, топпинги;;;;;;
;38998;        Бульон говяжий 2кг - Knorr;КДВ Тула;упак;2;4;990,00;*
;38532;        Бульон грибной 2кг - Knorr;КДВ Тула;упак;2;4;1075,00;*
;38382;        Бульон куриный 2кг - Knorr;КДВ Тула;упак;2;4;946,00;*
;36807;        Кетчуп томатный (0.025кг*125шт.) - Heinz;Петропродукт-Отрадное;упак;3,125;1;1 853,00;*
;39570;        Кетчуп томатный 0.8кг - Heinz;Петропродукт-Отрадное;упак;0,8;8;170,00;*
;31917;        Кетчуп томатный 2кг - Heinz;Петропродукт-Отрадное;упак;2;6;570,00;*
;37333;        Масло оливковое Extra Virgin (пл.бут) 1л - Val De;Urzante S.L.;упак;1;15;786,00;*
;35939;        Паста из тамаринда 0.454кг - Aroy-D;VR Foods;упак;0,454;24;205,00;*
;37004;"        Сироп ""Ваниль"" 1кг - Россия";Петропродукт-Отрадное;упак;1;6;326,00;*
;38290;"        Сироп ""Клубника"" 1кг - Россия";Петропродукт-Отрадное;упак;1;6;326,00;*
;37005;"        Сироп ""Шоколад"" 1кг - Россия";Петропродукт-Отрадное;упак;1;6;326,00;*
;36806;"        Соус ""Барбекю"" (0.025кг*125шт.) - Heinz";Петропродукт-Отрадное;упак;3,125;1;1 946,00;*
;32054;"        Соус ""Барбекю"" 1кг - Heinz";Петропродукт-Отрадное;упак;1;6;374,00;*
;33370;"        Соус ""Бургер"" 1кг - Heinz";Петропродукт-Отрадное;упак;1;6;631,00;*
;37958;"        Соус ""Горчичный Специальный"" 0.7кг - Heinz";Девелей;упак;0,7;7;311,00;*
;38229;"        Соус ""Горчичный"" (0.025кг*125шт.) - Heinz";Петропродукт-Отрадное;упак;3,125;1;2 068,00;*
;36810;"        Соус ""Гриль"" 1кг - Heinz";Петропродукт-Отрадное;упак;1;6;601,00;*
;39532;"        Соус ""Карри"" 1кг - Heinz";Петропродукт-Отрадное;упак;1;6;192,00;*
;36805;"        Соус ""Кисло-сладкий"" (0.025кг*125шт.) - Heinz";Петропродукт-Отрадное;упак;3,125;1;1 946,00;*
;33679;"        Соус ""Кисло-сладкий"" 1кг - Heinz";Петропродукт-Отрадное;упак;1;6;374,00;*
;39117;"        Соус ""Лемонграсс"" 0.855кг - Chang";Penta Impex;упак;0,855;12;361,00;*
;39480;"        Соус ""Майонезный"" (0.025кг*125шт.) - Heinz";Петропродукт-Отрадное;упак;3,125;1;2 068,00;*
;36362;"        Соус ""Ранч"" 1кг - Heinz";Петропродукт-Отрадное;упак;1;6;546,00;*
;32302;"        Соус ""Сальса"" 1кг - Heinz";Петропродукт-Отрадное;упак;1;6;374,00;*
;37116;"        Соус ""Сырный"" (0.025кг*125шт.) - Heinz";Петропродукт-Отрадное;упак;3,125;1;2 068,00;*
;32061;"        Соус ""Сырный"" 1кг - Heinz";Петропродукт-Отрадное;упак;1;6;541,00;*
;38969;"        Соус ""Терияки"" 1.5л - Nihao";Рыбпром;упак;1,5;6;288,00;*
;32371;"        Соус ""Терияки"" 1.5л - Россия";Роспродукт;упак;1,5;6;359,00;*
;32407;"        Соус ""Унаги"" 1.5л - ResFOOD";Роспродукт;упак;1,5;6;374,00;*
;37039;"        Соус ""Цезарь"" 2кг - Heinz";Петропродукт-Отрадное;упак;2;6;908,00;*
;35775;"        Соус ""Черный перец"" 0.15л - Real Thai";Thai Agri Foods;упак;0,15;12;137,00;*
;36804;"        Соус ""Чесночный"" (0.025кг*125шт.) - Heinz";Петропродукт-Отрадное;упак;3,125;1;1 737,00;*
;39479;"        Соус ""Шоколадный"" (0.025кг*125шт.) - Heinz";Петропродукт-Отрадное;упак;3,125;1;1 500,00;*
;39399;        Соус для пиццы 2.5кг - Sunfeel;Co.R.Ex S.p.A.;упак;2,5;6;585,00;*
;38812;        Соус для пиццы с базиликом 3кг - Pechagin Professional;ПКП;упак;3;1;513,00;*
;36104;        Соус манго чили 0.3кг - Chang;Penta Impex;упак;0,3;24;203,00;*
;39977;        Соус соевый 19л - Nihao;Рыбпром;упак;19;1;1 625,00;*
;35577;        Соус устричный 0.815кг - Chang;Penta Impex;упак;0,815;12;287,00;*
;36719;        Соус чили с чесноком 0.24кг - Pearl River Bridge;Guangdong PRB Bio-Tech Co.;упак;0,24;24;159,00;*
;38975;        Соус-крем бальзамический темный 0.5л - Luciano;Оливето;упак;0,5;6;356,00;*
;35286;"        Топпинг ""Банан"" 1кг - Россия";Фабрика джемов КФ;упак;1;8;225,00;*
;32550;"        Топпинг ""Ваниль"" 1кг - Россия";Верещагин ИП;упак;1;8;225,00;*
;32545;"        Топпинг ""Карамель"" 1кг - Россия";Верещагин ИП;упак;1;8;225,00;*
;32544;"        Топпинг ""Клубника"" 1кг - Россия";Фабрика джемов КФ;упак;1;8;225,00;*
;32546;"        Топпинг ""Лесные ягоды"" 1кг - Россия";Фабрика джемов КФ;упак;1;8;225,00;*
;32543;"        Топпинг ""Шоколад"" 1кг - Россия";Верещагин ИП;упак;1;8;225,00;*
;34674;        Уксус бальзамический темный 0.5л - Oliveto;Оливето;упак;0,5;12;216,00;*
;;    Соусы, уксусы  и пасты;;;;;;
;32051;"        Соус ""Sriracha"" чили 0.815л - Uni-Eagle";Thai Agri Foods;упак;0,815;12;359,00;*
;38455;"        Соус ""Кимчи"" 1.5л - Tamaki";Европродукт;упак;1,5;6;424,00;*
;38716;"        Соус ""Кимчи"" 1.8л - Tamaki";Европродукт;упак;1,8;6;743,00;*
;37816;"        Соус ""Кимчи"" 1.8л - Yakimal";Якимал;упак;1,8;6;648,00;*
;38062;"        Соус ""Кимчи"" 1л - Akiso";Марьинские вина;упак;1;6;273,00;*
;38248;"        Соус ""Мирин"" рисовый 20л - Dunkan";Марьинские вина;упак;20;1;1 948,00;*
;34118;"        Соус ""Пад Тай"" 1кг - Aroy-D";Thai Agri Foods;упак;1;12;445,00;*
;38453;"        Соус ""Терияки"" 1.5л - Tamaki";Европродукт;упак;1,5;6;342,00;*
;39561;"        Соус ""Терияки"" 1.8л - Tamaki";Европродукт;упак;1,8;6;478,00;*
;32063;"        Соус ""Терияки"" 1кг - Heinz";Петропродукт-Отрадное;упак;1;6;374,00;*
;38063;"        Соус ""Терияки"" 1л - Akiso";Марьинские вина;упак;1;6;207,00;*
;36808;"        Соус ""Тысяча островов"" 1кг - Heinz";Петропродукт-Отрадное;упак;1;6;398,00;*
;39246;"        Соус ""Унаги"" 1.5л - Nihao";Рыбпром;упак;1,5;6;350,00;*
;38452;"        Соус ""Унаги"" 1.5л - Tamaki";Европродукт;упак;1,5;6;392,00;*
;39559;"        Соус ""Унаги"" 1.8л - Tamaki";Европродукт;упак;1,8;6;566,00;*
;35865;"        Соус ""Унаги"" 1л - Akiso";Марьинские вина;упак;1;6;207,00;*
;38972;        Соус ореховый (арахис) 1.5л - Nihao;Рыбпром;упак;1,5;6;444,00;*
;37897;        Соус ореховый 0.47л - Tamaki;Европродукт;упак;0,47;6;215,00;*
;38967;        Соус ореховый 1.5л - Nihao;Рыбпром;упак;1,5;6;444,00;*
;37887;        Соус ореховый 1.5л - Tamaki PRO;Европродукт;упак;1,5;6;742,00;*
;39322;        Соус соевый 19л - Pearl River Bridge;Guangdong PRB Bio-Tech Co.;упак;19;1;4 346,00;*
;36047;        Соус соевый 1л - Dunkan;Марьинские вина;упак;1;6;89,00;*
;36541;        Соус соевый 1л - Pechagin;Олрос;упак;1;6;105,00;*
;38480;        Соус соевый 20л - Baruto;Марьинские вина;упак;20;1;1 319,00;*
;39350;        Соус соевый 20л - Tamaki;Европродукт;упак;20;1;2 104,00;*
;32078;        Соус устричный 0.51кг - Pearl River Bridge;Guangdong PRB Bio-Tech Co.;упак;0,51;12;156,00;*
;32071;        Соус рыбный 4.5л - Aroy-D;Thai Agri Foods;упак;4,5;4;1203,00;*
;32080;        Соус чили сладкий 0.92кг - Aroy-D;Thai Agri Foods;упак;0,92;12;279,00;*
;38932;        Соус чили сладкий 1.8л - Tamaki;Европродукт;упак;1,8;6;545,00;*
;38481;        Соус чили сладкий 1л - Akiso;Марьинские вина;упак;1;6;180,00;*
;32082;        Соус чили сладкий 5.4кг - Aroy-D;Thai Agri Foods;упак;5,4;4;1 447,00;*
;38194;        Уксус рисовый 1л - Dunkan;Марьинские вина;упак;1;6;78,00;*
;38195;        Уксус рисовый 20л - Baruto;Марьинские вина;упак;20;1;1056,00;*
;38968;        Уксус рисовый 20л - Nihao;Рыбпром;упак;20;1;900,00;*
;39351;        Уксус рисовый 20л - Tamaki;Европродукт;упак;20;1;1 576,00;*
;;    Продукты для паназиатской кухни;;;;;;
;31926;        Кокосовое молоко 0.4л - Aroy-D;Thai Agri Foods;упак;0,4;24;150,00;*
;31928;        Кокосовое молоко 1л - Aroy-D;Thai Agri Foods;упак;1;12;302,00;*
;33587;"        Паста ""TOM YUM"" 0.4кг - Aroy-D";Thai Agri Foods;упак;0,4;24;217,00;*
;37996;"        Паста ""TOM YUM"" 0.4кг - Chang";Penta Impex;упак;0,4;24;290,00;*
;32016;"        Паста ""TOM YUM"" 1кг - Aroy-D";Thai Agri Foods;упак;1;12;485,00;*
;36446;"        Суп ""TOM YUM"" 0.4кг - Aroy-D";Thai Agri Foods;упак;0,4;24;191,00;*
;;    Молочные продукты;;;;;;
;39728;"        Белковый продукт с змж ""Mozzarella for pizza"" 45% 3кг - Mozaretti";ВариантОдин;упак;3;6;1007,00;*
;33979;        Масло сливочное 0.4кг - Тысяча озер;Невские сыры;упак;0,4;8;359,00;*
;27285;        Масло сливочное 72.5% 0.5кг - Крестьянское;Лав продукт;упак;0,5;10;249,00;*
;34985;        Молоко 3.2% 0.97л - Авида;Авида;упак;0,97;12;96,00;*
;35652;        Молоко 3.2% 1л - Молочный день;Южный молочный завод;упак;1;12;68,00;*
;36159;        Сливки питьевые 10% 1л - Солнышко Кубани;МолПромКубань;упак;1;12;161,00;*
;34272;        Сливки питьевые 22% 1л - Солнышко Кубани;МолПромКубань;упак;1;12;281,00;*
;34271;        Сливки питьевые 33% 1л - Солнышко Кубани;МолПромКубань;упак;1;12;373,00;*
;39939;        Сметанный продукт 20% 5кг - Россия;Хладокомбинат Лабинский;упак;5;1;488,00;*
;36323;        Спред сливочно-растительный 82.5% 5кг - Традиционное утро;Промилк;упак;5;1;1 640,00;*
;39729;"        Сыр ""Mozzarella for pizza"" 45% 3кг - Mozaretti";ВариантОдин;упак;3;6;1 506,00;*
;40021;"        Сыр ""Брынза"" 0.25кг - НАК";НАК;упак;0,25;18;125,00;*
;26751;"        Сыр ""Гауда"" (~3кг) вес. - Bibertaler";Данковский молочный завод;кг;1;1;569,00;*
;24118;"        Сыр ""Гойя"" (~5кг) вес. - La Paulina";Molfino Hnos S.A.;кг;1;1;1125,00;*
;25627;"        Сыр ""Моцарелла"" (~3кг) вес. - La Paulina";Molfino Hnos S.A.;кг;1;1;763,00;*
;34617;"        Сыр ""Моцарелла"" 40% (~2кг) вес. - Россия";Сыровар;кг;1;1;529,00;*
;25929;"        Сыр ""Моцарелла"" 40% 1кг - Bonfesto";Туровский МК;упак;1;8;631,00;*
;35676;"        Сыр ""Чеддер"" (~3кг) вес. - Радость вкуса";Семикаракорский сыродельный комбинат;кг;1;1;825,00;*
;39690;        Сыр творожный сливочный 65% 1кг — FriendChef;Узловский МК;упак;1;5;386,00;*
;35668;"        Сырный продукт ""Токио"" 3.3кг - Bakery mix";Узловский МК;упак;3,3;1;663,00;*
;26199;        Сыр творожный сливочный 2кг - Profi Cheese;Ленинградский СК;упак;2;4;747,00;*
;38801;        Сыр творожный сливочный 5.5кг - Profi Cheese;Ленинградский СК;упак;5,5;1;2 025,00;*
;36729;"        Сырный продукт ""Гауда оригинальная"" (~4кг) вес. - Ферма Босконе";Молочные горки;кг;1;1;456,00;*
;34618;"        Сырный продукт ""Моцарелла"" (~2кг) вес. - Россия";Сыровар;кг;1;1;396,00;*
;;    Прочее;;;;;;
;40016;        Меланж яичный жидкий 10кг - Прима Меланж;Прима Меланж;упак;10;2;1 378,00;*
;36100;        Паста Фундук/Миндаль PRAMANO-T14  5кг - Callebaut;Barry Callebaut Belgium;упак;5;2;7 094,00;*
;35335;        Палочки бамбуковые (бумага) 100шт/уп - Китай;Changsha Binhong Import and Export;упак;0,75;30;185,00;*
;39833;        Палочки бамбуковые (пленка) 100шт/уп - Kaminary;Yiyang Hongshun Bamboo & Wood Products;упак;0,75;50;102,00;*
;32153;        Циновка (27см*27см) 0.11кг - Китай;Beijing Weishenhe Trade;упак;0,11;200;111,00;*
;31574;        Сахар песок 50кг - Россия;Фирма Агрокомплекс им.Н.И.Ткачева;упак;50;1;3 719,00;*
;32792;        Сода пищевая 0.5кг - Россия;Башкирская содовая компания;упак;0,5;24;45,00;*
;21615;        Соль помол №1 1кг - Россия;Руссоль;упак;1;50;18,00;*
;27357;        Соль помол №1 1кг - Россия;Руссоль;упак;1;30;18,00;*
;32115;        Уксус винный красный 6% 1л - Oliveto;Оливето;упак;1;12;171,00;*
;32606;"        Шоколад белый 22% ""Ariba Bianco Dischi"" 10кг - Master Martini";Unigra S.r.l.;упак;10;1;11 504,00;*
;;Мороженое;;;;;;
;;"    Мороженое ""Айсберри""";;;;;;
;37246;"        Морож. контейнер ""Стандарт"" без наполнителя 2.2кг - Айсберри (№1817)";Айсберри-ФМ;упак;2,2;1;676,00;*
;37247;"        Морож. контейнер ""Стандарт"" ванильное 2.2кг - Айсберри (№1857)";Айсберри-ФМ;упак;2,2;1;642,00;*
;37292;"        Морож. контейнер ""Стандарт"" клубника 2.2кг - Айсберри (№1820)";Айсберри-ФМ;упак;2,2;1;727,00;*
;37294;"        Морож. контейнер ""Стандарт"" фисташка 2.2кг - Айсберри (№1860)";Айсберри-ФМ;упак;2,2;1;669,00;*
;37293;"        Морож. контейнер ""Стандарт"" шоколад 2.2кг - Айсберри (№1851)";Вологодское мороженое;упак;2,2;1;629,00;*
;37565;"        Морож. контейнер ""Филевское"" грецкий орех 2.2кг - Айсберри (№1847)";Вологодское мороженое;упак;2,2;1;1 267,00;*
;;Полуфабрикаты;;;;;;
;;"    Продукция ""Золотой Петушок""";;;;;;
;33367;"        Сырные палочки ""Моцарелла"" 1кг - ФРОСТ-А";ФРОСТ-А;упак;1;10;549,00;*
;;"    Продукция ""Мираторг""";;;;;0;
;35734;"        Наггетсы куриные ""Классические"" 1.115кг - Россия";Компас Фудс;упак;1,115;15;425,00;*
;38430;"        Котлеты куриные ""ПФ100"" 1кг - Россия";Компас Фудс;упак;1;16;299,00;*
;38862;        Стрипсы куриные 1.115кг  - Россия;Компас Фудс;упак;1,115;15;474,00;*
;;Грибы;;;;;;
;;    Грибы;;;;;;
;32925;        Грибы белые резаные (кубики) с/м 8кг - Россия;ГринПроджект;упак;8;1;3 974,00;*
;37793;        Шампиньоны резаные с/м 10кг - Беларусь;Бонше;упак;10;1;1 375,00;*
;40000;        Шампиньоны резаные с/м 10кг - Россия;Мой склад;упак;10;1;1096,00;*
;;Ягоды;;;;;;
;;    Ягоды;;;;;;
;40024;        Абрикос кубики с/м 10кг - Китай;Qingdao Frusin Imp.&Exp.;упак;10;1;2 774,00;*
;40036;        Брусника с/м 10кг - Китай;Rizhao Ruilin International Trading;упак;10;1;3 174,00;*
;32766;        Брусника с/м 10кг - Россия;Кантарелла;упак;10;1;3 069,00;*
;32894;        Вишня без косточки с/м 10кг - Македония;Dip Frozen Dooel;упак;10;1;3 531,00;*
;36220;        Вишня без косточки с/м 10кг - Сербия;Monicom;упак;10;1;4 970,00;*
;37831;        Вишня без косточки с/м 10кг - Узбекистан;Asians Frozen Foods;упак;10;1;2 500,00;*
;36014;        Вишня без косточки с/м 10кг - Узбекистан;Agro Soy Plast;упак;10;1;2 550,00;*
;38262;        Вишня без косточки с/м 10кг- Сербия;Rope Company;упак;10;1;3 531,00;*
;37688;        Вишня без косточки с/м 10кг- Сербия;ABD-Prom;упак;10;1;5 323,00;*
;35869;        Ежевика с/м 10кг - Сербия;Rismen;упак;10;1;3 010,00;*
;39907;        Ежевика с/м 10кг - Сербия;Lemex Gamakom;упак;10;1;2 671,00;*
;35998;        Клубника с/м 10кг - Египет;International Delta Center;упак;10;1;1225,00;*
;33466;        Клубника с/м 10кг - Египет;Season Plus For Manufacturing&Trade;упак;10;1;1 454,00;*
;34363;        Клубника с/м 10кг - Египет;El Sheikh Company for Food Packing and Preservation;упак;10;1;2 440,00;*
;34703;        Клубника с/м 10кг - Египет;Elswedy for Export and Supplies;упак;10;1;1 466,00;*
;38595;        Клюква с/м 10кг - Россия;Мой склад;упак;10;1;4 355,00;*
;33830;        Клюква садовая с/м 10кг - Китай;Xiamen Sinocharm;упак;10;1;3 413,00;*
;35329;        Клюква садовая с/м 10кг - Россия;РПК;упак;10;1;3 755,00;*
;34931;        Красная смородина с/м 10кг - Китай;Qingdao Harthn-Ritune;упак;10;1;1 588,00;*
;37628;        Малина с/м 10кг - Беларусь;Геар Экспорт;упак;10;1;4 463,00;*
;35319;        Малина с/м 2.5кг - Китай;Harbin Gaotai Food;упак;2,5;4;2 229,00;*
;34851;        Малина с/м 2.5кг - Китай;Fujian Delicious Foods;упак;2,5;4;725,00;*
;31973;        Малина с/м 2.5кг - Китай;Qingdao Jaze Biotech;упак;2,5;4;2 229,00;*
;38818;        Малина с/м 2.5кг - Россия;Кантарелла;упак;2,5;4;1084,00;*
;38594;        Малина с/м 8кг - Беларусь;Ильенков ИП;упак;8;1;3 957,00;*
;39793;        Облепиха с/м 10кг - Россия;ПК ЮЖ;упак;10;1;2 256,00;*
;39504;        Фруктовая смесь компотная с/м 10кг - Россия;Холдинг МК;упак;10;1;1 324,00;*
;33831;        Черная смородина с/м 10кг - Китай;Xiamen Sinocharm;упак;10;1;2 938,00;*
;32156;        Черная смородина с/м 10кг - Китай;Liaocheng Haotian Food;упак;10;1;2 546,00;*
;39999;        Яблоки кубики с/м 10кг - Россия;Мой склад;упак;10;1;1 384,00;*
;;Овощи;;;;;;
;39283;        Бобы соевые очищ. Эдамаме с/м 0.5кг - Don Kreveton;Caoxian source of fresh ecological food;упак;0,5;20;230,00;*
;36859;        Брокколи с/м 10кг - Египет;Agro Green For Trade, Export & Food Processing;упак;10;1;1 645,00;*
;37121;        Брокколи с/м 10кг - Узбекистан;Ок Сув ФХ;упак;10;1;1 651,00;*
;39642;        Брокколи с/м 8кг - Россия;Кантарелла;упак;8;1;1 265,00;*
;38857;        Брокколи с/м 9кг - Египет;El Swedy;упак;9;1;1 554,00;*
;39576;        Брокколи с/м 9кг - Египет;The Rich Trade for Import and Export;упак;9;1;1 510,00;*
;33379;        Зеленый горошек с/м 10кг - Россия;РПК;упак;10;1;1226,00;*
;34584;        Зеленый горошек с/м 10кг- Россия;Кантарелла;упак;10;1;1101,00;*
;39998;        Кукуруза в початках с/м 12.5кг - Индия;MDA Agrocot;упак;12,5;1;2 163,00;*
;39356;        Кукуруза с/м 10кг - Индия;Natural Frozen & Dehydrated Foods;упак;10;1;1 813,00;*
;40006;        Овощная смесь мексиканская с/м 10кг - Россия;МК Холдинг;упак;10;1;1213,00;*
;40005;        Перец красный полоски с/м 11кг - Узбекистан;Oxalik Oltin Bog I Mevasi;упак;11;1;2 338,00;*
;37693;        Спаржа зеленая с/м 1кг - Китай;Rizhao Ruilin International Trading;упак;1;10;660,00;*
;39763;        Стручковая фасоль резаная с/м 10кг - Египет;Ibic International Trading;упак;10;1;1 312,00;*
;37665;        Цветная капуста с/м 11кг- Узбекистан;Oxalik Oltin Bog I Mevasi;упак;11;1;1247,00;*
;39419;        Шпинат резаный порционный с/м 10кг - Турция;Canakkale Altin Tarim Hayvancilik;упак;10;1;2 149,00;*
;36041;        Шпинат резаный порционный с/м 2.5кг - Китай;Qingdao Harthn-Ritune;упак;2,5;4;465,00;*
;32510;        Шпинат резаный порционный с/м 5кг - Китай;Liaocheng Haotian Food;упак;5;2;918,00;*
